<?xml version="1.0" encoding="utf-8" ?>
<!--
     Copyright 2017 ForgeFlow S.L.
     License LGPL-3.0 or later (https://www.gnu.org/licenses/lgpl).
-->
<odoo>
    <record id="group_rfq_approval_block" model="res.groups">
        <field name="name">Release RFQ with approval block</field>
        <field name="category_id" ref="base.module_category_hidden" />
        <field name="users" eval="[(4, ref('base.user_root'))]" />
        <field name="comment">
            The user will be able to release an RFQ blocked for approval.
        </field>
    </record>
    <record id="purchase.group_purchase_manager" model="res.groups">
        <field name="implied_ids" eval="[(4, ref('group_rfq_approval_block'))]" />
    </record>
</odoo>
