<?xml version="1.0" encoding="utf-8" ?>
<odoo noupdate="1">
    <record id="cancel_reason_only_quotation" model="purchase.order.cancel.reason">
        <field name="name">Just for Quotation</field>
    </record>
    <record id="cancel_reason_no_service_needed" model="purchase.order.cancel.reason">
        <field name="name">Service no longer needed</field>
    </record>
    <record id="cancel_reason_other_provider" model="purchase.order.cancel.reason">
        <field name="name">Other Service Provider selected</field>
    </record>
</odoo>
